{"matrix": [[1.4011475196675014, 0.0, 0.0, 0.0, 0.0], [1.4011475194493421, 2.4732704771316058e-05, 0.0, 0.0, 0.0], [1.4011475194492495, 1.2366388296749351e-05, 2.1419153227919925e-05, 0.0, 0.0], [1.4011475194493321, 1.2366352385658029e-05, 7.139741931461664e-06, 2.0194163385133053e-05, 0.0], [-2.165608506823723, -1.909489685574565e-05, -1.1039868063030634e-05, -7.79175197686448e-06, 3.5022859190693807]], "shape": [5, 5], "distortion": 1.0105049213396589}