{"matrix": [[-0.26226109730068875, 0.6791771625199361], [-0.2622652895097481, 0.6791547321203114], [-0.262277703665703, 0.6791612034154405], [-0.2622687166376458, 0.6791541918045684], [0.9911118235154048, -2.0027099922919325]], "shape": [5, 2], "distortion": 1}