{"matrix": [[1.1816759035068103, 0.0, 0.0, 0.0, 0.0], [1.1816759032439024, 2.492675223669575e-05, 0.0, 0.0, 0.0], [1.1816759032439024, 1.2463385026231374e-05, 2.158719552784955e-05, 0.0, 0.0], [1.1816759032439024, 1.2463376118347875e-05, 7.195745557203612e-06, 2.0352597065007072e-05, 0.0], [-3.050807290766565, -3.217759124695405e-05, -1.8577724822414086e-05, -1.3136446386267035e-05, 2.6596693760603447]], "shape": [5, 5], "distortion": 1.000000000682979}