{"matrix": [[0.02933792603039642, 0.5968414888719518, -0.4768628820839147, -0.5765790662534351], [0.02932650305148371, 0.5968969274023611, -0.4768724134135325, -0.5765903134532111], [0.02932740322657222, 0.5968483416692285, -0.4768715709084845, -0.5765643646459334], [0.029351748085168047, 0.5968773455725247, -0.4768833857252374, -0.5765783074896047], [0.029382485787207167, 0.5968582832981991, -0.4768436777138123, -0.5765527384687391], [0.029392571395816584, 0.5968389971982075, -0.47687851946250426, -0.5765967713243965], [0.02936059482223536, 0.5968896015251182, -0.476886245714823, -0.576589297826502], [0.029350234973602805, 0.5968462923610515, -0.4768140789728676, -0.5765686012144807], [0.029367864369884363, 0.5968894841589857, -0.4768787305632799, -0.5765427634877639], [-0.09652511886299919, -0.8345619092196015, 0.5867132595310438, 0.8686084024947047], [-0.09648602112975607, -0.8345980378682001, 0.5867235606819635, 0.8686029904790765], [0.028754745550922597, 0.5992433983157449, -0.47843056940605466, -0.5796645120729076], [-0.09646241829327609, -0.8343892325804587, 0.5865528761024172, 0.8684632743998456], [-0.09644741483040264, -0.8344369772536743, 0.586598710854614, 0.8684394564961806], [0.028699372872808982, 0.5994101123515638, -0.47842893409341325, -0.5796988345294024], [-0.09643426219305642, -0.8343867660658298, 0.5865781797919217, 0.8684654648764277], [-0.09644559293407043, -0.8344468369027362, 0.5865242292083134, 0.8684332166820524], [-0.09642023013236665, -0.8344390929158189, 0.5865493861263266, 0.8684971057732802], [-0.09643981604208714, -0.8344492110303844, 0.5865246007974118, 0.8684828610017336], [0.02869580470157404, 0.5993831650469608, -0.4784359072794227, -0.5797183303661287], [0.005609150972404784, 0.33774558705105245, -0.2771324820279134, -0.30536183181932924], [-0.07218017424248992, -0.5606627085607097, 0.383108085322265, 0.594626547046394], [-0.07177386610320716, -0.5597293131108241, 0.3821762103925048, 0.5936834390303891]], "shape": [23, 4], "distortion": 1.184034963480822}