{"matrix": [[1.351624869921469, 0.0, 0.0, 0.0, 0.0, 0.0, 0.0], [1.3516248697114428, 1.9524501984309195e-06, 0.0, 0.0, 0.0, 0.0, 0.0], [1.351624869722699, 9.763388253453779e-07, 1.6907401467419093e-06, 0.0, 0.0, 0.0, 0.0], [1.3516248697004012, 9.7622509921546e-07, 5.636019372178734e-07, 1.5940760517497459e-06, 0.0, 0.0, 0.0], [1.3008910007086534, -4.481378149415797e-06, -2.2494441042306288e-06, -2.3002946451061952e-06, 0.04619080071182806, 0.0, 0.0], [1.3008910005938645, -4.481264423285879e-06, -2.2492471171451816e-06, -2.3004339387143525e-06, 0.04619080053744026, 2.1129195031100167e-06, 0.0], [-3.7230072696959255, -0.0005448791748085216, -0.0002807885372085731, -0.00026956043333116925, 4.61973048546169, 0.00010564681586752832, 0.04830446469626184]], "shape": [7, 7], "distortion": 1.2315423143197874}