{"matrix": [[-0.7139980787268398, 1.1091928891582925], [-0.7139977678410079, 1.1091935583377948], [-0.713998473313682, 1.109192791310567], [-0.7139987410674117, 1.1091923531841912], [-0.6880199194935711, 1.0327048243033226], [-0.6880185507867648, 1.0327062015847022], [1.8931873508150359, -6.557083809416918]], "shape": [7, 2], "distortion": 1.1799589834758368}