{"matrix": [[1.1773041782458347, 0.0, 0.0, 0.0, 0.0, 0.0, 0.0], [1.1773041782368683, 4.594731433616346e-06, 0.0, 0.0, 0.0, 0.0, 0.0], [1.177304178236868, 2.297317390892256e-06, 3.979223896918708e-06, 0.0, 0.0, 0.0, 0.0], [1.1773041782368678, 2.2973657168081736e-06, 1.3264451662948857e-06, 3.751572641329648e-06, 0.0, 0.0, 0.0], [1.1187146748578105, 2.182978273831145e-06, 1.2603768024526768e-06, 8.911797627277827e-07, 0.035704140522046644, 0.0, 0.0], [1.1187146748578103, 2.182978273831145e-06, 1.2603768024526768e-06, 8.912981368743893e-07, 0.03570413978890556, 7.23547666964585e-06, 0.0], [-4.683073128493309, -9.13901061101469e-06, -5.276540950100727e-06, -3.7313898493332226e-06, 3.5706837337438624, 0.00036180286463059823, 0.04827276478746984]], "shape": [7, 7], "distortion": 1.0000000003147995}