id,app,config,num_little,num_big,start_time,deadline,abs_deadline,exec_time,finish_time,energy
0,hog.A,455,0,3,0,-1,-1,10.185,10.185,32.36007714825865
1,hog.B,0,1,0,0,-1,-1,114.29779999999997,114.29779999999997,41.92638653108686
2,hog.A,0,1,0,0,-1,-1,33.699,33.699,15.809488895878706
3,hog.B,0,1,0,0,-1,-1,114.29779999999997,114.29779999999997,41.92638653108686
4,hog.B,0,1,0,0,-1,-1,114.29779999999997,114.29779999999997,41.92638653108686

